name,url,price,sku,description,attributes_json,image_paths,category,
Kurtki i kamizelki,https://wkdzik.pl/ubrania/meskie/kurtki-i-kamizelki,8.50,,,{},results\images\kurtki-i-kamizelki\1_8b760369.webp,results\images\kurtki-i-kamizelki\2_aaa06a65.webp,NAPOJE
Nowości WK DZIK,https://wkdzik.pl/nowosci,8.50,,,{},results\images\nowości-wk-dzik\1_8b760369.webp,results\images\nowości-wk-dzik\2_aaa06a65.webp,NAPOJE
Napoje WK DZIK,https://wkdzik.pl/produkty-dzik,8.50,,,{},results\images\napoje-wk-dzik\1_d1aa02ff.webp,results\images\napoje-wk-dzik\2_8b760369.webp,NAPOJE
Napoje energetyczne z kofeiną,https://wkdzik.pl/produkty-dzik/energy,8.50,,,{},results\images\napoje-energetyczne-z-kofeiną\1_d1aa02ff.webp,results\images\napoje-energetyczne-z-kofeiną\2_8b760369.webp,NAPOJE
Napoje bez kofeiny i cukru,https://wkdzik.pl/produkty-dzik/zero-caffeine,8.50,,,{},results\images\napoje-bez-kofeiny-i-cukru\1_8b760369.webp,results\images\napoje-bez-kofeiny-i-cukru\2_aaa06a65.webp,NAPOJE
Napoje izotoniczne,https://wkdzik.pl/produkty-dzik/boost,8.50,,,{},results\images\napoje-izotoniczne\1_8b760369.webp,results\images\napoje-izotoniczne\2_aaa06a65.webp,NAPOJE
VITAMIN DRINK,https://wkdzik.pl/napoje/vitamin-drink,8.50,,,{},results\images\vitamin-drink\1_8b760369.webp,results\images\vitamin-drink\2_aaa06a65.webp,NAPOJE
Niskokaloryczna żywność,https://wkdzik.pl/odzywianie,8.50,,,{},results\images\niskokaloryczna-żywność\1_8b760369.webp,results\images\niskokaloryczna-żywność\2_aaa06a65.webp,NAPOJE
Batony proteinowe,https://wkdzik.pl/odzywianie/batony,8.50,,,{},results\images\batony-proteinowe\1_8b760369.webp,results\images\batony-proteinowe\2_aaa06a65.webp,NAPOJE
Chipsy proteinowe,https://wkdzik.pl/odzywianie/chipsy,8.50,,,{},results\images\chipsy-proteinowe\1_8b760369.webp,results\images\chipsy-proteinowe\2_aaa06a65.webp,NAPOJE
Lody proteinowe,https://wkdzik.pl/odzywianie/lody-proteinowe,8.50,,,{},results\images\lody-proteinowe\1_8b760369.webp,results\images\lody-proteinowe\2_aaa06a65.webp,NAPOJE
Kawa energetyczna,https://wkdzik.pl/odzywianie/kawy,8.50,,,{},results\images\kawa-energetyczna\1_8b760369.webp,results\images\kawa-energetyczna\2_aaa06a65.webp,NAPOJE
Sosy niskokaloryczne,https://wkdzik.pl/odzywianie/sosy-zero-kalorii,8.50,,,{},results\images\sosy-niskokaloryczne\1_8b760369.webp,results\images\sosy-niskokaloryczne\2_aaa06a65.webp,NAPOJE
Wafle kukurydziane i ryżowe,https://wkdzik.pl/odzywianie/wafle,8.50,,,{},results\images\wafle-kukurydziane-i-ryżowe\1_8b760369.webp,results\images\wafle-kukurydziane-i-ryżowe\2_aaa06a65.webp,NAPOJE
Zestawy fit żywności,https://wkdzik.pl/odzywianie/zestawy,8.50,,,{},results\images\zestawy-fit-żywności\1_8b760369.webp,results\images\zestawy-fit-żywności\2_aaa06a65.webp,NAPOJE
BATON PROTEINOWY SALTED CARAMEL DZIK®,https://wkdzik.pl/baton-proteinowy-slony-karmel,8.50,,,{},results\images\baton-proteinowy-salted-caramel-dzik\19_15147584.png,results\images\baton-proteinowy-salted-caramel-dzik\23_6490404d.png,NAPOJE
WAFLE KUKURYDZIANE ZIELONA CEBULKA DZIK®,https://wkdzik.pl/dzik-wafle-kukurydziane-low-fat-zielona-cebulka,8.50,,,{},results\images\wafle-kukurydziane-zielona-cebulka-dzik\19_ea1d4a3f.jpg,results\images\wafle-kukurydziane-zielona-cebulka-dzik\22_c91aaed5.jpg,NAPOJE
Sos Zero Cinnamon Roll DZIK®,https://wkdzik.pl/sos-zero-dzik-cinnamon-roll,8.50,,,{},results\images\sos-zero-cinnamon-roll-dzik\19_fc9ef66b.jpg,results\images\sos-zero-cinnamon-roll-dzik\22_6aa6611c.jpg,NAPOJE
Suplementy na siłownie,https://wkdzik.pl/suplementy,8.50,,,{},results\images\suplementy-na-siłownie\1_8b760369.webp,results\images\suplementy-na-siłownie\2_aaa06a65.webp,NAPOJE
Zestawy suplementów,https://wkdzik.pl/suplementy-i-odzywianie/zestawy,8.50,,,{},results\images\zestawy-suplementów\1_8b760369.webp,results\images\zestawy-suplementów\2_aaa06a65.webp,NAPOJE
Białko serwatkowe,https://wkdzik.pl/suplementy/dobre-whey,8.50,,,{},results\images\białko-serwatkowe\1_8b760369.webp,results\images\białko-serwatkowe\2_aaa06a65.webp,NAPOJE
Kreatyna,https://wkdzik.pl/suplementy/kreatyna,8.50,,,{},results\images\kreatyna\1_8b760369.webp,results\images\kreatyna\2_aaa06a65.webp,NAPOJE
Cytrulina,https://wkdzik.pl/suplementy/cytrulina,8.50,,,{},results\images\cytrulina\1_8b760369.webp,results\images\cytrulina\2_aaa06a65.webp,NAPOJE
Przedtreningówki,https://wkdzik.pl/suplementy/przedtreningowki,8.50,,,{},results\images\przedtreningówki\1_8b760369.webp,results\images\przedtreningówki\2_aaa06a65.webp,NAPOJE
Witaminy dla aktywnych,https://wkdzik.pl/suplementy/witaminy,8.50,,,{},results\images\witaminy-dla-aktywnych\1_8b760369.webp,results\images\witaminy-dla-aktywnych\2_aaa06a65.webp,NAPOJE
Żele energetyczne,https://wkdzik.pl/suplementy/zele-energetyczne,8.50,,,{},results\images\żele-energetyczne\1_8b760369.webp,results\images\żele-energetyczne\2_aaa06a65.webp,NAPOJE
KREATYNA COLA DZIK®,https://wkdzik.pl/kreatyna-cola-dzik,8.50,,,{},results\images\kreatyna-cola-dzik\19_ccce709c.jpg,results\images\kreatyna-cola-dzik\22_adce09fd.jpg,NAPOJE
KREATYNA COLA‑LEMON DZIK®,https://wkdzik.pl/pl/p/KREATYNA-COLA-LEMON-DZIK/3738,8.50,,,{},results\images\kreatyna-colalemon-dzik\19_5ad7aaea.jpg,results\images\kreatyna-colalemon-dzik\22_9a06c7b4.jpg,NAPOJE
PRZEDTRENINGÓWKA BOMBA GRAPE DZIK®,https://wkdzik.pl/pl/p/PRZEDTRENINGOWKA-BOMBA-GRAPE-DZIK/3750,8.50,,,{},results\images\przedtreningówka-bomba-grape-dzik\19_8231cbf8.jpg,results\images\przedtreningówka-bomba-grape-dzik\23_213973d8.jpg,NAPOJE
Ubrania sportowe,https://wkdzik.pl/ubrania,8.50,,,{},results\images\ubrania-sportowe\1_8b760369.webp,results\images\ubrania-sportowe\2_aaa06a65.webp,NAPOJE
Odzież sportowa męska,https://wkdzik.pl/ubrania/meskie,8.50,,,{},results\images\odzież-sportowa-męska\1_8b760369.webp,results\images\odzież-sportowa-męska\2_aaa06a65.webp,NAPOJE
Koszulki sportowe męskie,https://wkdzik.pl/ubrania/meskie/koszulki,8.50,,,{},results\images\koszulki-sportowe-męskie\1_8b760369.webp,results\images\koszulki-sportowe-męskie\2_aaa06a65.webp,NAPOJE
Tank Topy męskie,https://wkdzik.pl/ubrania/meskie/tank-topy,8.50,,,{},results\images\tank-topy-męskie\1_8b760369.webp,results\images\tank-topy-męskie\2_aaa06a65.webp,NAPOJE
Bluzy sportowe męskie z kapturem,https://wkdzik.pl/ubrania/meskie/bluzy,8.50,,,{},results\images\bluzy-sportowe-męskie-z-kapturem\1_8b760369.webp,results\images\bluzy-sportowe-męskie-z-kapturem\2_aaa06a65.webp,NAPOJE
Spodnie dresowe męskie,https://wkdzik.pl/ubrania/meskie/spodnie,8.50,,,{},results\images\spodnie-dresowe-męskie\1_8b760369.webp,results\images\spodnie-dresowe-męskie\2_aaa06a65.webp,NAPOJE
Spodenki sportowe męskie,https://wkdzik.pl/ubrania/meskie/spodenki,8.50,,,{},results\images\spodenki-sportowe-męskie\1_8b760369.webp,results\images\spodenki-sportowe-męskie\2_aaa06a65.webp,NAPOJE
Czapki zimowe i z daszkiem,https://wkdzik.pl/ubrania/meskie/czapki,8.50,,,{},results\images\czapki-zimowe-i-z-daszkiem\1_8b760369.webp,results\images\czapki-zimowe-i-z-daszkiem\2_aaa06a65.webp,NAPOJE
Skarpety i stopki męskie,https://wkdzik.pl/ubrania/meskie/skarpetki,8.50,,,{},results\images\skarpety-i-stopki-męskie\1_8b760369.webp,results\images\skarpety-i-stopki-męskie\2_aaa06a65.webp,NAPOJE
Odzież sportowa damska,https://wkdzik.pl/ubrania/damskie,8.50,,,{},results\images\odzież-sportowa-damska\1_8b760369.webp,results\images\odzież-sportowa-damska\2_aaa06a65.webp,NAPOJE
Legginsy i spodnie sportowe,https://wkdzik.pl/ubrania/damskie/legginsy,8.50,,,{},results\images\legginsy-i-spodnie-sportowe\1_8b760369.webp,results\images\legginsy-i-spodnie-sportowe\2_aaa06a65.webp,NAPOJE
Bluzy damskie sportowe,https://wkdzik.pl/ubrania/damskie/bluzy,8.50,,,{},results\images\bluzy-damskie-sportowe\1_8b760369.webp,results\images\bluzy-damskie-sportowe\2_aaa06a65.webp,NAPOJE
Staniki i topy sportowe,https://wkdzik.pl/ubrania/damskie/staniki-sportowe,8.50,,,{},results\images\staniki-i-topy-sportowe\1_8b760369.webp,results\images\staniki-i-topy-sportowe\2_aaa06a65.webp,NAPOJE
Spodenki treningowe damskie,https://wkdzik.pl/ubrania/damskie/spodenki,8.50,,,{},results\images\spodenki-treningowe-damskie\1_8b760369.webp,results\images\spodenki-treningowe-damskie\2_aaa06a65.webp,NAPOJE
Kamizelki,https://wkdzik.pl/ubrania/damskie/kamizelki,8.50,,,{},results\images\kamizelki\1_8b760369.webp,results\images\kamizelki\2_aaa06a65.webp,NAPOJE
Czapki,https://wkdzik.pl/ubrania/damskie/czapki,8.50,,,{},results\images\czapki\1_8b760369.webp,results\images\czapki\2_aaa06a65.webp,NAPOJE
KURTKA REGULAR CZARNA DZIK® PRIMALOFT®,https://wkdzik.pl/kurtka-regular-czarna-dzik-primaloft,8.50,,,"{""ROZMIAR"": ""1"", ""S"": ""71"", ""M"": ""73"", ""L"": ""75"", ""XL"": ""77"", ""XXL"": ""79""}",results\images\kurtka-regular-czarna-dzik-primaloft\44_fca5b389.png,results\images\kurtka-regular-czarna-dzik-primaloft\19_3197011b.png,NAPOJE
BLUZA INTERLOCK OVERSIZE CZARNA DZIK®,https://wkdzik.pl/bluza-interlock-oversize-czarna-dzik,8.50,,,"{""Rozmiar"": ""1"", ""S"": ""63"", ""M"": ""65"", ""L"": ""67"", ""XL"": ""69"", ""XXL"": ""71""}",results\images\bluza-interlock-oversize-czarna-dzik\19_da94d7e5.png,results\images\bluza-interlock-oversize-czarna-dzik\28_3aa806b2.png,NAPOJE
KOSZULKA SLIM Z PERFORACJĄ SZARA DZIK®,https://wkdzik.pl/koszulka-slim-z-perforacja-szara-dzik,8.50,,,"{""Rozmiar"": ""1"", ""XS"": ""62,5"", ""S"": ""65"", ""M"": ""67,5"", ""L"": ""70"", ""XL"": ""72,5"", ""XXL"": ""75""}",results\images\koszulka-slim-z-perforacją-szara-dzik\19_53b222f6.jpg,results\images\koszulka-slim-z-perforacją-szara-dzik\24_df798d73.jpg,NAPOJE
Kolekcja DZIK® Pro,https://wkdzik.pl/ubrania/kolekcje/dzik-pro,8.50,,,{},results\images\kolekcja-dzik-pro\1_8b760369.webp,results\images\kolekcja-dzik-pro\2_aaa06a65.webp,NAPOJE
Akcesoria sportowe,https://wkdzik.pl/akcesoria,8.50,,,{},results\images\akcesoria-sportowe\1_8b760369.webp,results\images\akcesoria-sportowe\2_aaa06a65.webp,NAPOJE
Zestawy produktów,https://wkdzik.pl/akcesoria/zestawy,8.50,,,{},results\images\zestawy-produktów\1_8b760369.webp,results\images\zestawy-produktów\2_aaa06a65.webp,NAPOJE
Akcesoria treningowe,https://wkdzik.pl/akcesoria/akcesoria-treningowe,8.50,,,{},results\images\akcesoria-treningowe\1_8b760369.webp,results\images\akcesoria-treningowe\2_aaa06a65.webp,NAPOJE
Torby i plecaki sportowe,https://wkdzik.pl/akcesoria/torby-i-plecaki,8.50,,,{},results\images\torby-i-plecaki-sportowe\1_8b760369.webp,results\images\torby-i-plecaki-sportowe\2_aaa06a65.webp,NAPOJE
Shakery i kubki,https://wkdzik.pl/akcesoria/shakery-kubki,8.50,,,{},results\images\shakery-i-kubki\1_8b760369.webp,results\images\shakery-i-kubki\2_aaa06a65.webp,NAPOJE
Gadżety WK DZIK,https://wkdzik.pl/akcesoria/gadzety,8.50,,,{},results\images\gadżety-wk-dzik\1_8b760369.webp,results\images\gadżety-wk-dzik\2_aaa06a65.webp,NAPOJE
Książki i ebooki WK DZIK,https://wkdzik.pl/akcesoria/ksiazki-wlepki,8.50,,,{},results\images\książki-i-ebooki-wk-dzik\1_8b760369.webp,results\images\książki-i-ebooki-wk-dzik\2_aaa06a65.webp,NAPOJE
Fundamenty treningu siłowego i odżywiania ‑ darmowy ebook,https://wkdzik.pl/fundamenty,8.50,,,{},results\images\fundamenty-treningu-siłowego-i-odżywiania-darmowy-ebook\19_1d083cbe.png,results\images\fundamenty-treningu-siłowego-i-odżywiania-darmowy-ebook\26_0912325c.png,NAPOJE
Skakanka Treningowa DZIK®,https://wkdzik.pl/dzik-skakanka-treningowa,8.50,,,{},results\images\skakanka-treningowa-dzik\19_eba1d89b.jpg,results\images\skakanka-treningowa-dzik\1_8b760369.webp,NAPOJE
GUMA MATERIAŁOWA MINI BAND NIEBIESKA DZIK®,https://wkdzik.pl/hip-band-materialowa-guma-niebieska,8.50,,,{},results\images\guma-materiałowa-mini-band-niebieska-dzik\19_883fc6c7.jpg,results\images\guma-materiałowa-mini-band-niebieska-dzik\1_8b760369.webp,NAPOJE
RĘKAWY KOMPRESYJNE DZIK® PRO RUN,https://wkdzik.pl/dzik-pro-run-rekawy-kompresyjne-czarne,8.50,,,{},results\images\rękawy-kompresyjne-dzik-pro-run\19_d48112a8.jpg,results\images\rękawy-kompresyjne-dzik-pro-run\23_c7624d8b.jpg,NAPOJE
,https://wkdzik.pl/pl/basket,8.50,,,{},results\images\httpswkdzikplplbasket\1_8b760369.webp,results\images\httpswkdzikplplbasket\2_aaa06a65.webp,NAPOJE
WK DZIK® - sklep z odżywkami dla sportowców,https://wkdzik.pl/,8.50,,,{},results\images\wk-dzik-sklep-z-odżywkami-dla-sportowców\19_0685a1bc.webp,results\images\wk-dzik-sklep-z-odżywkami-dla-sportowców\20_ddb29681.webp,NAPOJE
Napoje WK DZIK,https://wkdzik.pl/produkty-dzik/1/default/2,8.50,,,{},results\images\napoje-wk-dzik\1_d1aa02ff.webp,results\images\napoje-wk-dzik\2_8b760369.webp,NAPOJE
Napoje WK DZIK,https://wkdzik.pl/produkty-dzik/1/default/3,8.50,,,{},results\images\napoje-wk-dzik\1_d1aa02ff.webp,results\images\napoje-wk-dzik\2_8b760369.webp,NAPOJE
Napoje WK DZIK,https://wkdzik.pl/produkty-dzik/1/default/4,8.50,,,{},results\images\napoje-wk-dzik\1_d1aa02ff.webp,results\images\napoje-wk-dzik\2_8b760369.webp,NAPOJE
Napoje WK DZIK,https://wkdzik.pl/produkty-dzik/1/default/1/f_at_43_197/1,8.50,,,{},results\images\napoje-wk-dzik\1_d1aa02ff.webp,results\images\napoje-wk-dzik\2_8b760369.webp,NAPOJE
Napoje WK DZIK,https://wkdzik.pl/produkty-dzik/1/default/1/f_at_45_235/1,8.50,,,{},results\images\napoje-wk-dzik\1_d1aa02ff.webp,results\images\napoje-wk-dzik\2_8b760369.webp,NAPOJE
Napoje WK DZIK,https://wkdzik.pl/produkty-dzik/1/default/1/f_at_45_414/1,8.50,,,{},results\images\napoje-wk-dzik\1_d1aa02ff.webp,results\images\napoje-wk-dzik\2_8b760369.webp,NAPOJE
Napoje WK DZIK,https://wkdzik.pl/produkty-dzik/1/default/1/f_at_69_431/1,8.50,,,{},results\images\napoje-wk-dzik\1_d1aa02ff.webp,results\images\napoje-wk-dzik\2_8b760369.webp,NAPOJE
Napoje WK DZIK,https://wkdzik.pl/produkty-dzik/1/default/1/f_at_69_433/1,8.50,,,{},results\images\napoje-wk-dzik\1_d1aa02ff.webp,results\images\napoje-wk-dzik\2_8b760369.webp,NAPOJE
Napoje WK DZIK,https://wkdzik.pl/produkty-dzik/1/default/1/f_availability_5/1,8.50,,,{},results\images\napoje-wk-dzik\1_d1aa02ff.webp,results\images\napoje-wk-dzik\2_8b760369.webp,NAPOJE
Napoje WK DZIK,https://wkdzik.pl/produkty-dzik/1/default/1/f_availability_8/1,8.50,,,{},results\images\napoje-wk-dzik\1_d1aa02ff.webp,results\images\napoje-wk-dzik\2_8b760369.webp,NAPOJE
Napoje WK DZIK,https://wkdzik.pl/produkty-dzik/1/default/1/f_availability_10/1,8.50,,,{},results\images\napoje-wk-dzik\1_d1aa02ff.webp,results\images\napoje-wk-dzik\2_8b760369.webp,NAPOJE
DZIK® ZERO LEMON ‑ 330 ML,https://wkdzik.pl/dzik-zero-lemon-330ml,8.50,,,{},results\images\dzik-zero-lemon-330-ml\19_00d23e05.jpg,results\images\dzik-zero-lemon-330-ml\22_35f93c6f.jpg,NAPOJE
WK Dzik,https://wkdzik.pl/pl/producer/WK-Dzik/64,8.50,,,{},results\images\wk-dzik\1_8b760369.webp,results\images\wk-dzik\2_aaa06a65.webp,NAPOJE
DZIK® ZERO LEMON ‑ 330 ML x 24 SZT.,https://wkdzik.pl/dzik-zero-lemon-330ml-24szt,8.50,,,{},results\images\dzik-zero-lemon-330-ml-x-24-szt\19_ade4627e.jpg,results\images\dzik-zero-lemon-330-ml-x-24-szt\22_62b71611.jpg,NAPOJE
DZIK® ZERO GRAPE ‑ 330 ML x 24 SZT.,https://wkdzik.pl/dzik-zero-grape-330ml-24szt,8.50,,,{},results\images\dzik-zero-grape-330-ml-x-24-szt\19_b6269486.jpg,results\images\dzik-zero-grape-330-ml-x-24-szt\22_5c97c92e.jpg,NAPOJE
WK DZIK®,https://wkdzik.pl/producent/wkdzik,8.50,,,{},results\images\wk-dzik\1_8b760369.webp,results\images\wk-dzik\2_aaa06a65.webp,NAPOJE
DZIK® ZERO SOUR APPLE ‑ 330 ML x 24 SZT.,https://wkdzik.pl/dzik-zero-sour-apple-330ml-24szt,8.50,,,{},results\images\dzik-zero-sour-apple-330-ml-x-24-szt\19_76461989.jpg,results\images\dzik-zero-sour-apple-330-ml-x-24-szt\22_0ba41318.jpg,NAPOJE
DZIK® ZERO GRAPE ‑ 330 ML,https://wkdzik.pl/dzik-zero-grape-330ml,8.50,,,{},results\images\dzik-zero-grape-330-ml\19_4187f5c7.jpg,results\images\dzik-zero-grape-330-ml\22_7fa3afb0.jpg,NAPOJE
DZIK® ZERO SOUR APPLE ‑ 330 ML,https://wkdzik.pl/dzik-zero-sour-apple-330ml,8.50,,,{},results\images\dzik-zero-sour-apple-330-ml\19_0fa1f8e9.jpg,results\images\dzik-zero-sour-apple-330-ml\22_649b8102.jpg,NAPOJE
DZIK® ZERO SOUR RASPBERRY ‑ 330 ML,https://wkdzik.pl/dzik-zero-sour-rasberry-330ml,8.50,,,{},results\images\dzik-zero-sour-raspberry-330-ml\19_44c5a8a5.webp,results\images\dzik-zero-sour-raspberry-330-ml\1_8b760369.webp,NAPOJE
DZIK® ENERGY ZERO KALORII MOJITO 500 ML,https://wkdzik.pl/dzik-energy-zero-kalorii-mojito,8.50,,,{},results\images\dzik-energy-zero-kalorii-mojito-500-ml\1_d1aa02ff.webp,results\images\dzik-energy-zero-kalorii-mojito-500-ml\20_a4b93305.jpg,NAPOJE
DZIK® ENERGY ZERO KALORII MOJITO 500 ML ‑ 24 SZT.,https://wkdzik.pl/dzik-energy-zero-kalorii-mojito-24,8.50,,,{},results\images\dzik-energy-zero-kalorii-mojito-500-ml-24-szt\1_d1aa02ff.webp,results\images\dzik-energy-zero-kalorii-mojito-500-ml-24-szt\20_32513996.jpg,NAPOJE
DZIK® ENERGY CACTUS ‑ 500 ML x 24 SZT.,https://wkdzik.pl/dzik-energy-zero-kalorii-cactus-24,8.50,,,{},results\images\dzik-energy-cactus-500-ml-x-24-szt\1_d1aa02ff.webp,results\images\dzik-energy-cactus-500-ml-x-24-szt\20_2faeef17.jpg,NAPOJE
DZIK® ENERGY CACTUS ‑ 500 ML,https://wkdzik.pl/dzik-energy-zero-kalorii-cactus,8.50,,,{},results\images\dzik-energy-cactus-500-ml\1_d1aa02ff.webp,results\images\dzik-energy-cactus-500-ml\20_8975782c.jpg,NAPOJE
DZIK® Energy Classic 500 ml ‑ 24 Sztuki,https://wkdzik.pl/napoj-energetyczny-dzik-24-sztuki,8.50,,,{},results\images\dzik-energy-classic-500-ml-24-sztuki\1_d1aa02ff.webp,results\images\dzik-energy-classic-500-ml-24-sztuki\20_5a187309.jpg,NAPOJE
DZIK® ENERGY PEACH TROPIC MANGO CLASSIC ‑ 24 x 500 ML,https://wkdzik.pl/dzik-energy-mix-4-smaki,8.50,,,{},results\images\dzik-energy-peach-tropic-mango-classic-24-x-500-ml\1_d1aa02ff.webp,results\images\dzik-energy-peach-tropic-mango-classic-24-x-500-ml\20_11773656.jpg,NAPOJE
DZIK® Energy Grape Winogronowy 500 ml ‑ 24 Sztuki,https://wkdzik.pl/dzik-energy-grape-zgrzewka,8.50,,,{},results\images\dzik-energy-grape-winogronowy-500-ml-24-sztuki\1_d1aa02ff.webp,results\images\dzik-energy-grape-winogronowy-500-ml-24-sztuki\20_a313f6df.jpg,NAPOJE
DZIK® ENERGY SOUR APPLE ‑ 250 ML x 24 szt.,https://wkdzik.pl/dzik-energy-zero-kalorii-sour-apple-250ml-24szt,8.50,,,{},results\images\dzik-energy-sour-apple-250-ml-x-24-szt\1_d1aa02ff.webp,results\images\dzik-energy-sour-apple-250-ml-x-24-szt\20_83594ab6.jpg,NAPOJE
DZIK® ENERGY ANANAS SOUR APPLE ‑ 500 ML x 12 SZT.,https://wkdzik.pl/dzik-energy-mix-ananas-sour-apple,8.50,,,{},results\images\dzik-energy-ananas-sour-apple-500-ml-x-12-szt\1_d1aa02ff.webp,results\images\dzik-energy-ananas-sour-apple-500-ml-x-12-szt\20_0e46f8ba.jpg,NAPOJE
DZIK® ZERO PEACH ‑ 500 ML x 24 SZT.,https://wkdzik.pl/dzik-bezkofeinowy-zero-peach,8.50,,,{},results\images\dzik-zero-peach-500-ml-x-24-szt\19_95ca6902.jpg,results\images\dzik-zero-peach-500-ml-x-24-szt\22_049de46d.jpg,NAPOJE
DZIK® ENERGY ANANAS ‑ 500 ML x 24 SZT.,https://wkdzik.pl/energy-ananas-24,8.50,,,{},results\images\dzik-energy-ananas-500-ml-x-24-szt\1_d1aa02ff.webp,results\images\dzik-energy-ananas-500-ml-x-24-szt\20_a73a4d7a.jpg,NAPOJE
DZIK® Energy Sour Apple Kwaśne Jabłko 500 ml,https://wkdzik.pl/dzik-energy-apple-sour,8.50,,,{},results\images\dzik-energy-sour-apple-kwaśne-jabłko-500-ml\1_d1aa02ff.webp,results\images\dzik-energy-sour-apple-kwaśne-jabłko-500-ml\24_2b1d8056.png,NAPOJE
DZIK® Energy Peach Brzoskwiniowy 500 ml,https://wkdzik.pl/dzik-energy-peach-500ml,8.50,,,{},results\images\dzik-energy-peach-brzoskwiniowy-500-ml\1_d1aa02ff.webp,results\images\dzik-energy-peach-brzoskwiniowy-500-ml\20_5ed6484d.jpg,NAPOJE
Czas i koszty dostawy,https://wkdzik.pl/czas-i-koszty-dostawy,8.50,,,{},results\images\czas-i-koszty-dostawy\1_8b760369.webp,results\images\czas-i-koszty-dostawy\2_aaa06a65.webp,NAPOJE
Formy płatności,https://wkdzik.pl/formy-platnosci,8.50,,,{},results\images\formy-płatności\1_8b760369.webp,results\images\formy-płatności\2_aaa06a65.webp,NAPOJE
Regulamin sklepu internetowego,https://wkdzik.pl/regulamin,8.50,,,{},results\images\regulamin-sklepu-internetowego\1_8b760369.webp,results\images\regulamin-sklepu-internetowego\2_aaa06a65.webp,NAPOJE
Zwroty i reklamacje,https://wkdzik.pl/zwroty-i-reklamacje,8.50,,,{},results\images\zwroty-i-reklamacje\1_8b760369.webp,results\images\zwroty-i-reklamacje\2_aaa06a65.webp,NAPOJE
Polityka prywatności,https://wkdzik.pl/polityka-prywatnosci,8.50,,,{},results\images\polityka-prywatności\1_8b760369.webp,results\images\polityka-prywatności\2_aaa06a65.webp,NAPOJE
Black Friday 2025,https://wkdzik.pl/pl/i/Black-Friday-2025/104,8.50,,,{},results\images\black-friday-2025\1_8b760369.webp,results\images\black-friday-2025\2_aaa06a65.webp,NAPOJE
Lookbook,https://wkdzik.pl/lookbook,8.50,,,{},results\images\lookbook\1_8b760369.webp,results\images\lookbook\2_aaa06a65.webp,NAPOJE
Kariera,https://wkdzik.pl/kariera,8.50,,,{},results\images\kariera\1_8b760369.webp,results\images\kariera\2_aaa06a65.webp,NAPOJE
Napoje WK DZIK,https://wkdzik.pl/produkty-dzik/2,8.50,,,{},results\images\napoje-wk-dzik\1_d1aa02ff.webp,results\images\napoje-wk-dzik\2_8b760369.webp,NAPOJE
Napoje WK DZIK,https://wkdzik.pl/produkty-dzik/2/default/2,8.50,,,{},results\images\napoje-wk-dzik\1_d1aa02ff.webp,results\images\napoje-wk-dzik\2_8b760369.webp,NAPOJE
Napoje WK DZIK,https://wkdzik.pl/produkty-dzik/2/default/3,8.50,,,{},results\images\napoje-wk-dzik\1_d1aa02ff.webp,results\images\napoje-wk-dzik\2_8b760369.webp,NAPOJE
Napoje WK DZIK,https://wkdzik.pl/produkty-dzik/2/default/4,8.50,,,{},results\images\napoje-wk-dzik\1_d1aa02ff.webp,results\images\napoje-wk-dzik\2_8b760369.webp,NAPOJE
DZIK® ZERO ORANGE ‑ 500 ML x 24 SZT.,https://wkdzik.pl/dzik-zero-kofeiny-zero-kalorii-orange-500ml-24szt,8.50,,,{},results\images\dzik-zero-orange-500-ml-x-24-szt\19_0ae77061.jpg,results\images\dzik-zero-orange-500-ml-x-24-szt\1_8b760369.webp,NAPOJE
DZIK® Bezkofeinowy Zero Kalorii Orange Pomarańczowy 500 ml,https://wkdzik.pl/dzik-zero-kofeiny-orange-24,8.50,,,{},results\images\dzik-bezkofeinowy-zero-kalorii-orange-pomarańczowy-500-ml\19_62a3234a.jpg,results\images\dzik-bezkofeinowy-zero-kalorii-orange-pomarańczowy-500-ml\1_8b760369.webp,NAPOJE
DZIK® Energy Ananas 500 ml,https://wkdzik.pl/dzik-energy-ananas,8.50,,,{},results\images\dzik-energy-ananas-500-ml\1_d1aa02ff.webp,results\images\dzik-energy-ananas-500-ml\20_50139a11.jpg,NAPOJE
DZIK® Energy Sour Apple Kwaśne Jabłko 500 ml ‑ 24 Sztuki,https://wkdzik.pl/dzik-energy-sour-apple-24szt,8.50,,,{},results\images\dzik-energy-sour-apple-kwaśne-jabłko-500-ml-24-sztuki\1_d1aa02ff.webp,results\images\dzik-energy-sour-apple-kwaśne-jabłko-500-ml-24-sztuki\20_d54dcded.jpg,NAPOJE
DZIK® Energy Lemon Cytrynowy 500 ml,https://wkdzik.pl/dzik-energy-lemon-1,8.50,,,{},results\images\dzik-energy-lemon-cytrynowy-500-ml\1_d1aa02ff.webp,results\images\dzik-energy-lemon-cytrynowy-500-ml\24_e0bf0fd3.png,NAPOJE
DZIK® Energy Lemon Cytrynowy 500 ml ‑ 24 Sztuki,https://wkdzik.pl/dzik-energy-lemon-24,8.50,,,{},results\images\dzik-energy-lemon-cytrynowy-500-ml-24-sztuki\1_d1aa02ff.webp,results\images\dzik-energy-lemon-cytrynowy-500-ml-24-sztuki\20_e5a600b6.jpg,NAPOJE
DZIK® Bezkofeinowy Zero Kalorii Peach Brzoskwiniowy 500 ml,https://wkdzik.pl/dzik-zero-kofeiny-zero-kalorii-peach-500ml,8.50,,,{},results\images\dzik-bezkofeinowy-zero-kalorii-peach-brzoskwiniowy-500-ml\19_721a9773.jpg,results\images\dzik-bezkofeinowy-zero-kalorii-peach-brzoskwiniowy-500-ml\1_8b760369.webp,NAPOJE
DZIK® ENERGY CLASSIC ‑ 250 ML,https://wkdzik.pl/dzik-energy-zero-kalorii-250ml-100mg-kofeiny,8.50,,,{},results\images\dzik-energy-classic-250-ml\1_d1aa02ff.webp,results\images\dzik-energy-classic-250-ml\20_8eda57eb.jpg,NAPOJE
DZIK® BOOST GREJPFRUTOWY ‑ 750 ML x 12 SZT.,https://wkdzik.pl/dzik-boost-grejpfrut-750ml-12szt,8.50,,,{},results\images\dzik-boost-grejpfrutowy-750-ml-x-12-szt\19_4d25df4a.jpg,results\images\dzik-boost-grejpfrutowy-750-ml-x-12-szt\22_830ff152.jpg,NAPOJE
DZIK® BOOST ZERO ‑ 750 ML x 12 SZT.,https://wkdzik.pl/boost-zero-750ml-12-szt,8.50,,,{},results\images\dzik-boost-zero-750-ml-x-12-szt\19_6e574585.jpg,results\images\dzik-boost-zero-750-ml-x-12-szt\22_cd683db3.jpg,NAPOJE
DZIK® BOOST ‑ 750 ML,https://wkdzik.pl/dzik-boost-zero-750ml,8.50,,,{},results\images\dzik-boost-750-ml\19_3165fd02.jpg,results\images\dzik-boost-750-ml\22_c1383b16.jpg,NAPOJE
DZIK® Energy Grape Winogronowy 500 ml,https://wkdzik.pl/dzik-energy-grape,8.50,,,{},results\images\dzik-energy-grape-winogronowy-500-ml\1_d1aa02ff.webp,results\images\dzik-energy-grape-winogronowy-500-ml\20_ab39f0c2.jpg,NAPOJE
DZIK® Energy Peach Brzoskwiniowy 500 ml ‑ 24 Sztuki,https://wkdzik.pl/dzik-energy-peach-500ml-24szt,8.50,,,{},results\images\dzik-energy-peach-brzoskwiniowy-500-ml-24-sztuki\1_d1aa02ff.webp,results\images\dzik-energy-peach-brzoskwiniowy-500-ml-24-sztuki\20_e894002d.jpg,NAPOJE
DZIK® Energy Tropic 500 ml ‑ 24 Sztuki,https://wkdzik.pl/dzik-energy-tropic-500ml-24szt,8.50,,,{},results\images\dzik-energy-tropic-500-ml-24-sztuki\1_d1aa02ff.webp,results\images\dzik-energy-tropic-500-ml-24-sztuki\20_5d26c25d.jpg,NAPOJE
DZIK® Energy Tropic 500 ml,https://wkdzik.pl/dzik-energy-tropic-500ml,8.50,,,{},results\images\dzik-energy-tropic-500-ml\1_d1aa02ff.webp,results\images\dzik-energy-tropic-500-ml\20_3196b8fa.jpg,NAPOJE
DZIK® ENERGY CLASSIC ‑ 500 ML,https://wkdzik.pl/napoj-energetyczny-dzik,8.50,,,{},results\images\dzik-energy-classic-500-ml\1_d1aa02ff.webp,results\images\dzik-energy-classic-500-ml\20_0771b041.jpg,NAPOJE
Napoje WK DZIK,https://wkdzik.pl/produkty-dzik/3,8.50,,,{},results\images\napoje-wk-dzik\1_d1aa02ff.webp,results\images\napoje-wk-dzik\2_8b760369.webp,NAPOJE
Napoje WK DZIK,https://wkdzik.pl/produkty-dzik/3/default/2,8.50,,,{},results\images\napoje-wk-dzik\1_d1aa02ff.webp,results\images\napoje-wk-dzik\2_8b760369.webp,NAPOJE
Napoje WK DZIK,https://wkdzik.pl/produkty-dzik/3/default/3,8.50,,,{},results\images\napoje-wk-dzik\1_d1aa02ff.webp,results\images\napoje-wk-dzik\2_8b760369.webp,NAPOJE
Napoje WK DZIK,https://wkdzik.pl/produkty-dzik/3/default/4,8.50,,,{},results\images\napoje-wk-dzik\1_d1aa02ff.webp,results\images\napoje-wk-dzik\2_8b760369.webp,NAPOJE
DZIK® ENERGY CLASSIC ‑ 250 ML x 24 szt.,https://wkdzik.pl/dzik-energy-zero-kalorii-250ml-24sztuki,8.50,,,{},results\images\dzik-energy-classic-250-ml-x-24-szt\1_d1aa02ff.webp,results\images\dzik-energy-classic-250-ml-x-24-szt\20_9cfdf3e0.jpg,NAPOJE
DZIK® VITAMIN DRINK CRANBERRY ‑ 500 ML,https://wkdzik.pl/dzik-vitamin-drink-cranberry-500ml,8.50,,,{},results\images\dzik-vitamin-drink-cranberry-500-ml\19_4a3131cf.jpg,results\images\dzik-vitamin-drink-cranberry-500-ml\22_ffe45b7a.jpg,NAPOJE
DZIK® BOOST GREJPFRUTOWY ‑ 750 ML,https://wkdzik.pl/dzik-boost-grejpfrutowy-zero-750ml,8.50,,,{},results\images\dzik-boost-grejpfrutowy-750-ml\19_3a4f6c5b.jpg,results\images\dzik-boost-grejpfrutowy-750-ml\22_b80c350c.jpg,NAPOJE
DZIK® Energy Cherry Wiśniowy 500 ml,https://wkdzik.pl/dzik-energy-cherry,8.50,,,{},results\images\dzik-energy-cherry-wiśniowy-500-ml\1_d1aa02ff.webp,results\images\dzik-energy-cherry-wiśniowy-500-ml\20_f4ff83ac.jpg,NAPOJE
DZIK® Bezkofeinowy Zero Cherry Wiśniowy 500 ML,https://wkdzik.pl/dizk-zero-kofeiny-zero-kalorii-cherry-500ml,8.50,,,{},results\images\dzik-bezkofeinowy-zero-cherry-wiśniowy-500-ml\19_a16ed4d3.jpg,results\images\dzik-bezkofeinowy-zero-cherry-wiśniowy-500-ml\1_8b760369.webp,NAPOJE
DZIK® Energy Orange Pomarańczowy 500 ml,https://wkdzik.pl/dzik-energy-orange-zero-kalorii-500ml,8.50,,,{},results\images\dzik-energy-orange-pomarańczowy-500-ml\1_d1aa02ff.webp,results\images\dzik-energy-orange-pomarańczowy-500-ml\20_a7ed5085.jpg,NAPOJE
DZIK® BOOST OWOCE LEŚNE ‑ 750 ML,https://wkdzik.pl/dzik-boost-owoce-lesne-750ml,8.50,,,{},results\images\dzik-boost-owoce-leśne-750-ml\19_22ddd06e.jpg,results\images\dzik-boost-owoce-leśne-750-ml\22_4c65d230.jpg,NAPOJE
DZIK® VITAMIN DRINK GRAPE ‑ 500 ML,https://wkdzik.pl/vitamin-drink-grape,8.50,,,{},results\images\dzik-vitamin-drink-grape-500-ml\19_76939706.jpg,results\images\dzik-vitamin-drink-grape-500-ml\1_8b760369.webp,NAPOJE
